0000.png,3

0001.png,2

0002.png,3

0003.png,5

0004.png,4

0005.png,4

0006.png,3

0007.png,4

0008.png,4

0009.png,4

0010.png,3

0011.png,4

0012.png,2

0013.png,1

0014.png,3

0015.png,2

0016.png,3

0017.png,2

0018.png,4

0019.png,5

0020.png,3

0021.png,1

0022.png,2

0023.png,2

0024.png,4

0025.png,1

0026.png,4

0027.png,1

0028.png,2

0029.png,2

0030.png,5

0031.png,5

0032.png,4

0033.png,3

0034.png,4

0035.png,3

0036.png,5

0037.png,4

0038.png,5

0039.png,4

0040.png,3

0041.png,3

0042.png,5

0043.png,1

0044.png,3

0045.png,1

0046.png,2

0047.png,4

0048.png,3

0049.png,3

0050.png,4

0051.png,3

0052.png,2

0053.png,5

0054.png,3

0055.png,3

0056.png,3

0057.png,3

0058.png,3

0059.png,3

0060.png,4

0061.png,2

0062.png,4

0063.png,4

0064.png,4

0065.png,5

0066.png,4

0067.png,2

0068.png,2

0069.png,2

0070.png,1

0071.png,3

0072.png,5

0073.png,5

0074.png,5

0075.png,4

0076.png,3

0077.png,2

0078.png,3

0079.png,3

0080.png,3

0081.png,1

0082.png,4

0083.png,2

0084.png,5

0085.png,3

0086.png,5

0087.png,5

0088.png,3

0089.png,2

0090.png,4

0091.png,3

0092.png,3

0093.png,3

0094.png,3

0095.png,5

0096.png,4

0097.png,3

0098.png,4

0099.png,1

0100.png,2

0101.png,2

0102.png,2

0103.png,1

0104.png,5

0105.png,2

0106.png,3

0107.png,1

0108.png,3

0109.png,3

0110.png,4

0111.png,2

0112.png,2

0113.png,4

0114.png,3

0115.png,5

0116.png,3

0117.png,1

0118.png,3

0119.png,4

0120.png,5

0121.png,3

0122.png,1

0123.png,4

0124.png,2

0125.png,5

0126.png,4

0127.png,2

0128.png,3

0129.png,3

0130.png,1

0131.png,2

0132.png,4

0133.png,3

0134.png,3

0135.png,5

0136.png,3

0137.png,4

0138.png,4

0139.png,2

0140.png,3

0141.png,4

0142.png,1

0143.png,3

0144.png,1

0145.png,4

0146.png,5

0147.png,3

0148.png,2

0149.png,3

0150.png,2

0151.png,4

0152.png,3

0153.png,3

0154.png,3

0155.png,5

0156.png,3

0157.png,5

0158.png,3

0159.png,3

0160.png,5

0161.png,5

0162.png,4

0163.png,4

0164.png,4

0165.png,5

0166.png,3

0167.png,5

0168.png,4

0169.png,4

0170.png,5

0171.png,5

0172.png,2

0173.png,3

0174.png,4

0175.png,3

0176.png,2

0177.png,5

0178.png,4

0179.png,5

0180.png,4

0181.png,4

0182.png,4

0183.png,2

0184.png,3

0185.png,4

0186.png,3

0187.png,1

0188.png,5

0189.png,4

0190.png,3

0191.png,4

0192.png,1

0193.png,5

0194.png,3

0195.png,4

0196.png,4

0197.png,4

0198.png,3

0199.png,3

0200.png,4

0201.png,2

0202.png,4

0203.png,4

0204.png,3

0205.png,4

0206.png,3

0207.png,3

0208.png,2

0209.png,3

0210.png,5

0211.png,4

0212.png,1

0213.png,2

0214.png,4

0215.png,4

0216.png,1

0217.png,4

0218.png,5

0219.png,4

0220.png,3

0221.png,4

0222.png,3

0223.png,4

0224.png,4

0225.png,3

0226.png,2

0227.png,2

0228.png,4

0229.png,3

0230.png,5

0231.png,5

0232.png,4

0233.png,5

0234.png,5

0235.png,2

0236.png,5

0237.png,5

0238.png,2

0239.png,2

